"scenario","rep","method","idx","lambda"
"independent",1,"cv_min",39,0.0577052775937964
"independent",1,"cv_1se",35,0.0818680165596217
"independent",1,"cvc_max_lambda",38,0.0629781962783572
"independent",2,"cv_min",42,0.04439064791502
"independent",2,"cv_1se",36,0.0750135269156635
"independent",2,"cvc_max_lambda",39,0.0577052775937964
"independent",3,"cv_min",40,0.0528738398200432
"independent",3,"cv_1se",35,0.0818680165596217
"independent",3,"cvc_max_lambda",39,0.0577052775937964
"independent",4,"cv_min",43,0.0406739921413883
"independent",4,"cv_1se",36,0.0750135269156635
"independent",4,"cvc_max_lambda",39,0.0577052775937964
"independent",5,"cv_min",43,0.0406739921413883
"independent",5,"cv_1se",35,0.0818680165596217
"independent",5,"cvc_max_lambda",41,0.048446919482736
"independent",6,"cv_min",43,0.0406739921413883
"independent",6,"cv_1se",37,0.0687329369489366
"independent",6,"cvc_max_lambda",40,0.0528738398200432
"independent",7,"cv_min",41,0.048446919482736
"independent",7,"cv_1se",36,0.0750135269156635
"independent",7,"cvc_max_lambda",39,0.0577052775937964
"independent",8,"cv_min",38,0.0629781962783572
"independent",8,"cv_1se",35,0.0818680165596217
"independent",8,"cvc_max_lambda",36,0.0750135269156635
"independent",9,"cv_min",42,0.04439064791502
"independent",9,"cv_1se",35,0.0818680165596217
"independent",9,"cvc_max_lambda",40,0.0528738398200432
"independent",10,"cv_min",42,0.04439064791502
"independent",10,"cv_1se",36,0.0750135269156635
"independent",10,"cvc_max_lambda",37,0.0687329369489366
"independent",11,"cv_min",39,0.0577052775937964
"independent",11,"cv_1se",35,0.0818680165596217
"independent",11,"cvc_max_lambda",38,0.0629781962783572
"independent",12,"cv_min",42,0.04439064791502
"independent",12,"cv_1se",37,0.0687329369489366
"independent",12,"cvc_max_lambda",39,0.0577052775937964
"independent",13,"cv_min",39,0.0577052775937964
"independent",13,"cv_1se",35,0.0818680165596217
"independent",13,"cvc_max_lambda",38,0.0629781962783572
"independent",14,"cv_min",40,0.0528738398200432
"independent",14,"cv_1se",35,0.0818680165596217
"independent",14,"cvc_max_lambda",39,0.0577052775937964
"independent",15,"cv_min",41,0.048446919482736
"independent",15,"cv_1se",35,0.0818680165596217
"independent",15,"cvc_max_lambda",37,0.0687329369489366
"independent",16,"cv_min",39,0.0577052775937964
"independent",16,"cv_1se",35,0.0818680165596217
"independent",16,"cvc_max_lambda",38,0.0629781962783572
"independent",17,"cv_min",41,0.048446919482736
"independent",17,"cv_1se",36,0.0750135269156635
"independent",17,"cvc_max_lambda",39,0.0577052775937964
"independent",18,"cv_min",43,0.0406739921413883
"independent",18,"cv_1se",35,0.0818680165596217
"independent",18,"cvc_max_lambda",38,0.0629781962783572
"independent",19,"cv_min",41,0.048446919482736
"independent",19,"cv_1se",35,0.0818680165596217
"independent",19,"cvc_max_lambda",38,0.0629781962783572
"independent",20,"cv_min",42,0.04439064791502
"independent",20,"cv_1se",37,0.0687329369489366
"independent",20,"cvc_max_lambda",40,0.0528738398200432
"independent",21,"cv_min",41,0.048446919482736
"independent",21,"cv_1se",35,0.0818680165596217
"independent",21,"cvc_max_lambda",37,0.0687329369489366
"independent",22,"cv_min",41,0.048446919482736
"independent",22,"cv_1se",36,0.0750135269156635
"independent",22,"cvc_max_lambda",40,0.0528738398200432
"independent",23,"cv_min",41,0.048446919482736
"independent",23,"cv_1se",35,0.0818680165596217
"independent",23,"cvc_max_lambda",38,0.0629781962783572
"independent",24,"cv_min",40,0.0528738398200432
"independent",24,"cv_1se",36,0.0750135269156635
"independent",24,"cvc_max_lambda",39,0.0577052775937964
"independent",25,"cv_min",39,0.0577052775937964
"independent",25,"cv_1se",35,0.0818680165596217
"independent",25,"cvc_max_lambda",37,0.0687329369489366
"independent",26,"cv_min",41,0.048446919482736
"independent",26,"cv_1se",35,0.0818680165596217
"independent",26,"cvc_max_lambda",39,0.0577052775937964
"independent",27,"cv_min",40,0.0528738398200432
"independent",27,"cv_1se",36,0.0750135269156635
"independent",27,"cvc_max_lambda",38,0.0629781962783572
"independent",28,"cv_min",40,0.0528738398200432
"independent",28,"cv_1se",34,0.089348846947856
"independent",28,"cvc_max_lambda",38,0.0629781962783572
"independent",29,"cv_min",41,0.048446919482736
"independent",29,"cv_1se",36,0.0750135269156635
"independent",29,"cvc_max_lambda",41,0.048446919482736
"independent",30,"cv_min",43,0.0406739921413883
"independent",30,"cv_1se",38,0.0629781962783572
"independent",30,"cvc_max_lambda",38,0.0629781962783572
"independent",31,"cv_min",42,0.04439064791502
"independent",31,"cv_1se",34,0.089348846947856
"independent",31,"cvc_max_lambda",40,0.0528738398200432
"independent",32,"cv_min",41,0.048446919482736
"independent",32,"cv_1se",37,0.0687329369489366
"independent",32,"cvc_max_lambda",40,0.0528738398200432
"independent",33,"cv_min",40,0.0528738398200432
"independent",33,"cv_1se",33,0.0975132510398305
"independent",33,"cvc_max_lambda",38,0.0629781962783572
"independent",34,"cv_min",41,0.048446919482736
"independent",34,"cv_1se",34,0.089348846947856
"independent",34,"cvc_max_lambda",39,0.0577052775937964
"independent",35,"cv_min",41,0.048446919482736
"independent",35,"cv_1se",37,0.0687329369489366
"independent",35,"cvc_max_lambda",38,0.0629781962783572
"independent",36,"cv_min",40,0.0528738398200432
"independent",36,"cv_1se",35,0.0818680165596217
"independent",36,"cvc_max_lambda",40,0.0528738398200432
"independent",37,"cv_min",41,0.048446919482736
"independent",37,"cv_1se",34,0.089348846947856
"independent",37,"cvc_max_lambda",38,0.0629781962783572
"independent",38,"cv_min",40,0.0528738398200432
"independent",38,"cv_1se",35,0.0818680165596217
"independent",38,"cvc_max_lambda",38,0.0629781962783572
"independent",39,"cv_min",41,0.048446919482736
"independent",39,"cv_1se",36,0.0750135269156635
"independent",39,"cvc_max_lambda",38,0.0629781962783572
"independent",40,"cv_min",40,0.0528738398200432
"independent",40,"cv_1se",35,0.0818680165596217
"independent",40,"cvc_max_lambda",38,0.0629781962783572
"independent",41,"cv_min",40,0.0528738398200432
"independent",41,"cv_1se",33,0.0975132510398305
"independent",41,"cvc_max_lambda",38,0.0629781962783572
"independent",42,"cv_min",40,0.0528738398200432
"independent",42,"cv_1se",36,0.0750135269156635
"independent",42,"cvc_max_lambda",39,0.0577052775937964
"independent",43,"cv_min",42,0.04439064791502
"independent",43,"cv_1se",36,0.0750135269156635
"independent",43,"cvc_max_lambda",40,0.0528738398200432
"independent",44,"cv_min",42,0.04439064791502
"independent",44,"cv_1se",37,0.0687329369489366
"independent",44,"cvc_max_lambda",38,0.0629781962783572
"independent",45,"cv_min",43,0.0406739921413883
"independent",45,"cv_1se",35,0.0818680165596217
"independent",45,"cvc_max_lambda",40,0.0528738398200432
"independent",46,"cv_min",40,0.0528738398200432
"independent",46,"cv_1se",35,0.0818680165596217
"independent",46,"cvc_max_lambda",38,0.0629781962783572
"independent",47,"cv_min",40,0.0528738398200432
"independent",47,"cv_1se",36,0.0750135269156635
"independent",47,"cvc_max_lambda",40,0.0528738398200432
"independent",48,"cv_min",42,0.04439064791502
"independent",48,"cv_1se",37,0.0687329369489366
"independent",48,"cvc_max_lambda",39,0.0577052775937964
"independent",49,"cv_min",41,0.048446919482736
"independent",49,"cv_1se",35,0.0818680165596217
"independent",49,"cvc_max_lambda",38,0.0629781962783572
"independent",50,"cv_min",39,0.0577052775937964
"independent",50,"cv_1se",33,0.0975132510398305
"independent",50,"cvc_max_lambda",38,0.0629781962783572
"independent",51,"cv_min",39,0.0577052775937964
"independent",51,"cv_1se",34,0.089348846947856
"independent",51,"cvc_max_lambda",39,0.0577052775937964
"independent",52,"cv_min",39,0.0577052775937964
"independent",52,"cv_1se",35,0.0818680165596217
"independent",52,"cvc_max_lambda",39,0.0577052775937964
"independent",53,"cv_min",40,0.0528738398200432
"independent",53,"cv_1se",33,0.0975132510398305
"independent",53,"cvc_max_lambda",39,0.0577052775937964
"independent",54,"cv_min",43,0.0406739921413883
"independent",54,"cv_1se",36,0.0750135269156635
"independent",54,"cvc_max_lambda",39,0.0577052775937964
"independent",55,"cv_min",44,0.0372685174563073
"independent",55,"cv_1se",36,0.0750135269156635
"independent",55,"cvc_max_lambda",39,0.0577052775937964
"independent",56,"cv_min",40,0.0528738398200432
"independent",56,"cv_1se",34,0.089348846947856
"independent",56,"cvc_max_lambda",39,0.0577052775937964
"independent",57,"cv_min",40,0.0528738398200432
"independent",57,"cv_1se",35,0.0818680165596217
"independent",57,"cvc_max_lambda",38,0.0629781962783572
"independent",58,"cv_min",40,0.0528738398200432
"independent",58,"cv_1se",34,0.089348846947856
"independent",58,"cvc_max_lambda",38,0.0629781962783572
"independent",59,"cv_min",42,0.04439064791502
"independent",59,"cv_1se",38,0.0629781962783572
"independent",59,"cvc_max_lambda",40,0.0528738398200432
"independent",60,"cv_min",43,0.0406739921413883
"independent",60,"cv_1se",35,0.0818680165596217
"independent",60,"cvc_max_lambda",38,0.0629781962783572
"independent",61,"cv_min",41,0.048446919482736
"independent",61,"cv_1se",37,0.0687329369489366
"independent",61,"cvc_max_lambda",39,0.0577052775937964
"independent",62,"cv_min",40,0.0528738398200432
"independent",62,"cv_1se",34,0.089348846947856
"independent",62,"cvc_max_lambda",38,0.0629781962783572
"independent",63,"cv_min",41,0.048446919482736
"independent",63,"cv_1se",35,0.0818680165596217
"independent",63,"cvc_max_lambda",40,0.0528738398200432
"independent",64,"cv_min",43,0.0406739921413883
"independent",64,"cv_1se",35,0.0818680165596217
"independent",64,"cvc_max_lambda",39,0.0577052775937964
"independent",65,"cv_min",41,0.048446919482736
"independent",65,"cv_1se",35,0.0818680165596217
"independent",65,"cvc_max_lambda",39,0.0577052775937964
"independent",66,"cv_min",42,0.04439064791502
"independent",66,"cv_1se",39,0.0577052775937964
"independent",66,"cvc_max_lambda",40,0.0528738398200432
"independent",67,"cv_min",41,0.048446919482736
"independent",67,"cv_1se",34,0.089348846947856
"independent",67,"cvc_max_lambda",39,0.0577052775937964
"independent",68,"cv_min",43,0.0406739921413883
"independent",68,"cv_1se",35,0.0818680165596217
"independent",68,"cvc_max_lambda",39,0.0577052775937964
"independent",69,"cv_min",39,0.0577052775937964
"independent",69,"cv_1se",34,0.089348846947856
"independent",69,"cvc_max_lambda",39,0.0577052775937964
"independent",70,"cv_min",42,0.04439064791502
"independent",70,"cv_1se",35,0.0818680165596217
"independent",70,"cvc_max_lambda",41,0.048446919482736
"independent",71,"cv_min",42,0.04439064791502
"independent",71,"cv_1se",37,0.0687329369489366
"independent",71,"cvc_max_lambda",40,0.0528738398200432
"independent",72,"cv_min",40,0.0528738398200432
"independent",72,"cv_1se",35,0.0818680165596217
"independent",72,"cvc_max_lambda",38,0.0629781962783572
"independent",73,"cv_min",45,0.0341481698812089
"independent",73,"cv_1se",37,0.0687329369489366
"independent",73,"cvc_max_lambda",39,0.0577052775937964
"independent",74,"cv_min",41,0.048446919482736
"independent",74,"cv_1se",32,0.106423691554815
"independent",74,"cvc_max_lambda",38,0.0629781962783572
"independent",75,"cv_min",42,0.04439064791502
"independent",75,"cv_1se",37,0.0687329369489366
"independent",75,"cvc_max_lambda",40,0.0528738398200432
"independent",76,"cv_min",39,0.0577052775937964
"independent",76,"cv_1se",35,0.0818680165596217
"independent",76,"cvc_max_lambda",39,0.0577052775937964
"independent",77,"cv_min",39,0.0577052775937964
"independent",77,"cv_1se",34,0.089348846947856
"independent",77,"cvc_max_lambda",36,0.0750135269156635
"independent",78,"cv_min",40,0.0528738398200432
"independent",78,"cv_1se",38,0.0629781962783572
"independent",78,"cvc_max_lambda",39,0.0577052775937964
"independent",79,"cv_min",43,0.0406739921413883
"independent",79,"cv_1se",35,0.0818680165596217
"independent",79,"cvc_max_lambda",40,0.0528738398200432
"independent",80,"cv_min",41,0.048446919482736
"independent",80,"cv_1se",36,0.0750135269156635
"independent",80,"cvc_max_lambda",38,0.0629781962783572
"correlated",1,"cv_min",35,0.0818680165596217
"correlated",1,"cv_1se",28,0.150986129966773
"correlated",1,"cvc_max_lambda",30,0.126761592466485
"correlated",2,"cv_min",38,0.0629781962783572
"correlated",2,"cv_1se",29,0.138344650330035
"correlated",2,"cvc_max_lambda",33,0.0975132510398305
"correlated",3,"cv_min",40,0.0528738398200432
"correlated",3,"cv_1se",28,0.150986129966773
"correlated",3,"cvc_max_lambda",35,0.0818680165596217
"correlated",4,"cv_min",38,0.0629781962783572
"correlated",4,"cv_1se",28,0.150986129966773
"correlated",4,"cvc_max_lambda",34,0.089348846947856
"correlated",5,"cv_min",39,0.0577052775937964
"correlated",5,"cv_1se",31,0.116148338850154
"correlated",5,"cvc_max_lambda",39,0.0577052775937964
"correlated",6,"cv_min",39,0.0577052775937964
"correlated",6,"cv_1se",32,0.106423691554815
"correlated",6,"cvc_max_lambda",35,0.0818680165596217
"correlated",7,"cv_min",40,0.0528738398200432
"correlated",7,"cv_1se",28,0.150986129966773
"correlated",7,"cvc_max_lambda",36,0.0750135269156635
"correlated",8,"cv_min",36,0.0750135269156635
"correlated",8,"cv_1se",29,0.138344650330035
"correlated",8,"cvc_max_lambda",35,0.0818680165596217
"correlated",9,"cv_min",36,0.0750135269156635
"correlated",9,"cv_1se",28,0.150986129966773
"correlated",9,"cvc_max_lambda",34,0.089348846947856
"correlated",10,"cv_min",38,0.0629781962783572
"correlated",10,"cv_1se",32,0.106423691554815
"correlated",10,"cvc_max_lambda",34,0.089348846947856
"correlated",11,"cv_min",38,0.0629781962783572
"correlated",11,"cv_1se",28,0.150986129966773
"correlated",11,"cvc_max_lambda",33,0.0975132510398305
"correlated",12,"cv_min",36,0.0750135269156635
"correlated",12,"cv_1se",27,0.164782746481047
"correlated",12,"cvc_max_lambda",35,0.0818680165596217
"correlated",13,"cv_min",37,0.0687329369489366
"correlated",13,"cv_1se",28,0.150986129966773
"correlated",13,"cvc_max_lambda",32,0.106423691554815
"correlated",14,"cv_min",35,0.0818680165596217
"correlated",14,"cv_1se",28,0.150986129966773
"correlated",14,"cvc_max_lambda",33,0.0975132510398305
"correlated",15,"cv_min",38,0.0629781962783572
"correlated",15,"cv_1se",28,0.150986129966773
"correlated",15,"cvc_max_lambda",36,0.0750135269156635
"correlated",16,"cv_min",39,0.0577052775937964
"correlated",16,"cv_1se",27,0.164782746481047
"correlated",16,"cvc_max_lambda",34,0.089348846947856
"correlated",17,"cv_min",40,0.0528738398200432
"correlated",17,"cv_1se",28,0.150986129966773
"correlated",17,"cvc_max_lambda",35,0.0818680165596217
"correlated",18,"cv_min",36,0.0750135269156635
"correlated",18,"cv_1se",27,0.164782746481047
"correlated",18,"cvc_max_lambda",34,0.089348846947856
"correlated",19,"cv_min",37,0.0687329369489366
"correlated",19,"cv_1se",30,0.126761592466485
"correlated",19,"cvc_max_lambda",34,0.089348846947856
"correlated",20,"cv_min",36,0.0750135269156635
"correlated",20,"cv_1se",29,0.138344650330035
"correlated",20,"cvc_max_lambda",34,0.089348846947856
"correlated",21,"cv_min",39,0.0577052775937964
"correlated",21,"cv_1se",26,0.179840052485699
"correlated",21,"cvc_max_lambda",35,0.0818680165596217
"correlated",22,"cv_min",39,0.0577052775937964
"correlated",22,"cv_1se",29,0.138344650330035
"correlated",22,"cvc_max_lambda",35,0.0818680165596217
"correlated",23,"cv_min",36,0.0750135269156635
"correlated",23,"cv_1se",32,0.106423691554815
"correlated",23,"cvc_max_lambda",34,0.089348846947856
"correlated",24,"cv_min",38,0.0629781962783572
"correlated",24,"cv_1se",28,0.150986129966773
"correlated",24,"cvc_max_lambda",33,0.0975132510398305
"correlated",25,"cv_min",37,0.0687329369489366
"correlated",25,"cv_1se",26,0.179840052485699
"correlated",25,"cvc_max_lambda",36,0.0750135269156635
"correlated",26,"cv_min",37,0.0687329369489366
"correlated",26,"cv_1se",25,0.196273245644555
"correlated",26,"cvc_max_lambda",34,0.089348846947856
"correlated",27,"cv_min",39,0.0577052775937964
"correlated",27,"cv_1se",29,0.138344650330035
"correlated",27,"cvc_max_lambda",36,0.0750135269156635
"correlated",28,"cv_min",38,0.0629781962783572
"correlated",28,"cv_1se",28,0.150986129966773
"correlated",28,"cvc_max_lambda",34,0.089348846947856
"correlated",29,"cv_min",35,0.0818680165596217
"correlated",29,"cv_1se",27,0.164782746481047
"correlated",29,"cvc_max_lambda",33,0.0975132510398305
"correlated",30,"cv_min",38,0.0629781962783572
"correlated",30,"cv_1se",29,0.138344650330035
"correlated",30,"cvc_max_lambda",36,0.0750135269156635
"correlated",31,"cv_min",36,0.0750135269156635
"correlated",31,"cv_1se",29,0.138344650330035
"correlated",31,"cvc_max_lambda",35,0.0818680165596217
"correlated",32,"cv_min",37,0.0687329369489366
"correlated",32,"cv_1se",29,0.138344650330035
"correlated",32,"cvc_max_lambda",33,0.0975132510398305
"correlated",33,"cv_min",35,0.0818680165596217
"correlated",33,"cv_1se",26,0.179840052485699
"correlated",33,"cvc_max_lambda",33,0.0975132510398305
"correlated",34,"cv_min",36,0.0750135269156635
"correlated",34,"cv_1se",27,0.164782746481047
"correlated",34,"cvc_max_lambda",33,0.0975132510398305
"correlated",35,"cv_min",39,0.0577052775937964
"correlated",35,"cv_1se",30,0.126761592466485
"correlated",35,"cvc_max_lambda",37,0.0687329369489366
"correlated",36,"cv_min",41,0.048446919482736
"correlated",36,"cv_1se",31,0.116148338850154
"correlated",36,"cvc_max_lambda",33,0.0975132510398305
"correlated",37,"cv_min",35,0.0818680165596217
"correlated",37,"cv_1se",31,0.116148338850154
"correlated",37,"cvc_max_lambda",33,0.0975132510398305
"correlated",38,"cv_min",37,0.0687329369489366
"correlated",38,"cv_1se",28,0.150986129966773
"correlated",38,"cvc_max_lambda",34,0.089348846947856
"correlated",39,"cv_min",34,0.089348846947856
"correlated",39,"cv_1se",27,0.164782746481047
"correlated",39,"cvc_max_lambda",33,0.0975132510398305
"correlated",40,"cv_min",39,0.0577052775937964
"correlated",40,"cv_1se",28,0.150986129966773
"correlated",40,"cvc_max_lambda",33,0.0975132510398305
"correlated",41,"cv_min",39,0.0577052775937964
"correlated",41,"cv_1se",31,0.116148338850154
"correlated",41,"cvc_max_lambda",37,0.0687329369489366
"correlated",42,"cv_min",36,0.0750135269156635
"correlated",42,"cv_1se",29,0.138344650330035
"correlated",42,"cvc_max_lambda",32,0.106423691554815
"correlated",43,"cv_min",36,0.0750135269156635
"correlated",43,"cv_1se",25,0.196273245644555
"correlated",43,"cvc_max_lambda",32,0.106423691554815
"correlated",44,"cv_min",36,0.0750135269156635
"correlated",44,"cv_1se",30,0.126761592466485
"correlated",44,"cvc_max_lambda",35,0.0818680165596217
"correlated",45,"cv_min",36,0.0750135269156635
"correlated",45,"cv_1se",30,0.126761592466485
"correlated",45,"cvc_max_lambda",35,0.0818680165596217
"correlated",46,"cv_min",36,0.0750135269156635
"correlated",46,"cv_1se",27,0.164782746481047
"correlated",46,"cvc_max_lambda",34,0.089348846947856
"correlated",47,"cv_min",37,0.0687329369489366
"correlated",47,"cv_1se",27,0.164782746481047
"correlated",47,"cvc_max_lambda",33,0.0975132510398305
"correlated",48,"cv_min",37,0.0687329369489366
"correlated",48,"cv_1se",29,0.138344650330035
"correlated",48,"cvc_max_lambda",35,0.0818680165596217
"correlated",49,"cv_min",39,0.0577052775937964
"correlated",49,"cv_1se",29,0.138344650330035
"correlated",49,"cvc_max_lambda",33,0.0975132510398305
"correlated",50,"cv_min",41,0.048446919482736
"correlated",50,"cv_1se",27,0.164782746481047
"correlated",50,"cvc_max_lambda",33,0.0975132510398305
"correlated",51,"cv_min",38,0.0629781962783572
"correlated",51,"cv_1se",30,0.126761592466485
"correlated",51,"cvc_max_lambda",34,0.089348846947856
"correlated",52,"cv_min",35,0.0818680165596217
"correlated",52,"cv_1se",28,0.150986129966773
"correlated",52,"cvc_max_lambda",32,0.106423691554815
"correlated",53,"cv_min",41,0.048446919482736
"correlated",53,"cv_1se",26,0.179840052485699
"correlated",53,"cvc_max_lambda",33,0.0975132510398305
"correlated",54,"cv_min",39,0.0577052775937964
"correlated",54,"cv_1se",27,0.164782746481047
"correlated",54,"cvc_max_lambda",35,0.0818680165596217
"correlated",55,"cv_min",38,0.0629781962783572
"correlated",55,"cv_1se",30,0.126761592466485
"correlated",55,"cvc_max_lambda",33,0.0975132510398305
"correlated",56,"cv_min",36,0.0750135269156635
"correlated",56,"cv_1se",28,0.150986129966773
"correlated",56,"cvc_max_lambda",34,0.089348846947856
"correlated",57,"cv_min",39,0.0577052775937964
"correlated",57,"cv_1se",26,0.179840052485699
"correlated",57,"cvc_max_lambda",33,0.0975132510398305
"correlated",58,"cv_min",38,0.0629781962783572
"correlated",58,"cv_1se",30,0.126761592466485
"correlated",58,"cvc_max_lambda",34,0.089348846947856
"correlated",59,"cv_min",42,0.04439064791502
"correlated",59,"cv_1se",31,0.116148338850154
"correlated",59,"cvc_max_lambda",36,0.0750135269156635
"correlated",60,"cv_min",40,0.0528738398200432
"correlated",60,"cv_1se",30,0.126761592466485
"correlated",60,"cvc_max_lambda",33,0.0975132510398305
"correlated",61,"cv_min",34,0.089348846947856
"correlated",61,"cv_1se",26,0.179840052485699
"correlated",61,"cvc_max_lambda",33,0.0975132510398305
"correlated",62,"cv_min",38,0.0629781962783572
"correlated",62,"cv_1se",29,0.138344650330035
"correlated",62,"cvc_max_lambda",32,0.106423691554815
"correlated",63,"cv_min",34,0.089348846947856
"correlated",63,"cv_1se",30,0.126761592466485
"correlated",63,"cvc_max_lambda",32,0.106423691554815
"correlated",64,"cv_min",39,0.0577052775937964
"correlated",64,"cv_1se",30,0.126761592466485
"correlated",64,"cvc_max_lambda",36,0.0750135269156635
"correlated",65,"cv_min",36,0.0750135269156635
"correlated",65,"cv_1se",30,0.126761592466485
"correlated",65,"cvc_max_lambda",33,0.0975132510398305
"correlated",66,"cv_min",38,0.0629781962783572
"correlated",66,"cv_1se",28,0.150986129966773
"correlated",66,"cvc_max_lambda",36,0.0750135269156635
"correlated",67,"cv_min",38,0.0629781962783572
"correlated",67,"cv_1se",32,0.106423691554815
"correlated",67,"cvc_max_lambda",36,0.0750135269156635
"correlated",68,"cv_min",37,0.0687329369489366
"correlated",68,"cv_1se",27,0.164782746481047
"correlated",68,"cvc_max_lambda",34,0.089348846947856
"correlated",69,"cv_min",39,0.0577052775937964
"correlated",69,"cv_1se",29,0.138344650330035
"correlated",69,"cvc_max_lambda",35,0.0818680165596217
"correlated",70,"cv_min",38,0.0629781962783572
"correlated",70,"cv_1se",27,0.164782746481047
"correlated",70,"cvc_max_lambda",32,0.106423691554815
"correlated",71,"cv_min",35,0.0818680165596217
"correlated",71,"cv_1se",29,0.138344650330035
"correlated",71,"cvc_max_lambda",32,0.106423691554815
"correlated",72,"cv_min",38,0.0629781962783572
"correlated",72,"cv_1se",26,0.179840052485699
"correlated",72,"cvc_max_lambda",35,0.0818680165596217
"correlated",73,"cv_min",37,0.0687329369489366
"correlated",73,"cv_1se",29,0.138344650330035
"correlated",73,"cvc_max_lambda",34,0.089348846947856
"correlated",74,"cv_min",38,0.0629781962783572
"correlated",74,"cv_1se",27,0.164782746481047
"correlated",74,"cvc_max_lambda",34,0.089348846947856
"correlated",75,"cv_min",41,0.048446919482736
"correlated",75,"cv_1se",30,0.126761592466485
"correlated",75,"cvc_max_lambda",32,0.106423691554815
"correlated",76,"cv_min",38,0.0629781962783572
"correlated",76,"cv_1se",29,0.138344650330035
"correlated",76,"cvc_max_lambda",36,0.0750135269156635
"correlated",77,"cv_min",37,0.0687329369489366
"correlated",77,"cv_1se",28,0.150986129966773
"correlated",77,"cvc_max_lambda",34,0.089348846947856
"correlated",78,"cv_min",42,0.04439064791502
"correlated",78,"cv_1se",32,0.106423691554815
"correlated",78,"cvc_max_lambda",34,0.089348846947856
"correlated",79,"cv_min",40,0.0528738398200432
"correlated",79,"cv_1se",29,0.138344650330035
"correlated",79,"cvc_max_lambda",34,0.089348846947856
"correlated",80,"cv_min",36,0.0750135269156635
"correlated",80,"cv_1se",27,0.164782746481047
"correlated",80,"cvc_max_lambda",34,0.089348846947856
"independent",1,"ncv1_min",43,0.0406739921413883
"independent",1,"ncv1_1se",47,0.0286693644966638
"independent",2,"ncv1_min",39,0.0577052775937964
"independent",2,"ncv1_1se",42,0.04439064791502
"independent",3,"ncv1_min",43,0.0406739921413883
"independent",3,"ncv1_1se",49,0.0240695903617038
"independent",4,"ncv1_min",39,0.0577052775937964
"independent",4,"ncv1_1se",46,0.0312890768355088
"independent",5,"ncv1_min",41,0.048446919482736
"independent",5,"ncv1_1se",46,0.0312890768355088
"independent",6,"ncv1_min",42,0.04439064791502
"independent",6,"ncv1_1se",48,0.0262689904519582
"independent",7,"ncv1_min",38,0.0629781962783572
"independent",7,"ncv1_1se",45,0.0341481698812089
"independent",8,"ncv1_min",39,0.0577052775937964
"independent",8,"ncv1_1se",43,0.0406739921413883
"independent",9,"ncv1_min",42,0.04439064791502
"independent",9,"ncv1_1se",46,0.0312890768355088
"independent",10,"ncv1_min",39,0.0577052775937964
"independent",10,"ncv1_1se",44,0.0372685174563073
"independent",11,"ncv1_min",41,0.048446919482736
"independent",11,"ncv1_1se",45,0.0341481698812089
"independent",12,"ncv1_min",38,0.0629781962783572
"independent",12,"ncv1_1se",44,0.0372685174563073
"independent",13,"ncv1_min",39,0.0577052775937964
"independent",13,"ncv1_1se",48,0.0262689904519582
"independent",14,"ncv1_min",38,0.0629781962783572
"independent",14,"ncv1_1se",46,0.0312890768355088
"independent",15,"ncv1_min",41,0.048446919482736
"independent",15,"ncv1_1se",47,0.0286693644966638
"independent",16,"ncv1_min",40,0.0528738398200432
"independent",16,"ncv1_1se",48,0.0262689904519582
"independent",17,"ncv1_min",39,0.0577052775937964
"independent",17,"ncv1_1se",48,0.0262689904519582
"independent",18,"ncv1_min",40,0.0528738398200432
"independent",18,"ncv1_1se",44,0.0372685174563073
"independent",19,"ncv1_min",40,0.0528738398200432
"independent",19,"ncv1_1se",46,0.0312890768355088
"independent",20,"ncv1_min",39,0.0577052775937964
"independent",20,"ncv1_1se",44,0.0372685174563073
"independent",21,"ncv1_min",45,0.0341481698812089
"independent",21,"ncv1_1se",47,0.0286693644966638
"independent",22,"ncv1_min",41,0.048446919482736
"independent",22,"ncv1_1se",45,0.0341481698812089
"independent",23,"ncv1_min",38,0.0629781962783572
"independent",23,"ncv1_1se",47,0.0286693644966638
"independent",24,"ncv1_min",39,0.0577052775937964
"independent",24,"ncv1_1se",43,0.0406739921413883
"independent",25,"ncv1_min",41,0.048446919482736
"independent",25,"ncv1_1se",46,0.0312890768355088
"independent",26,"ncv1_min",38,0.0629781962783572
"independent",26,"ncv1_1se",43,0.0406739921413883
"independent",27,"ncv1_min",39,0.0577052775937964
"independent",27,"ncv1_1se",45,0.0341481698812089
"independent",28,"ncv1_min",40,0.0528738398200432
"independent",28,"ncv1_1se",47,0.0286693644966638
"independent",29,"ncv1_min",39,0.0577052775937964
"independent",29,"ncv1_1se",49,0.0240695903617038
"independent",30,"ncv1_min",40,0.0528738398200432
"independent",30,"ncv1_1se",49,0.0240695903617038
"independent",31,"ncv1_min",39,0.0577052775937964
"independent",31,"ncv1_1se",44,0.0372685174563073
"independent",32,"ncv1_min",39,0.0577052775937964
"independent",32,"ncv1_1se",44,0.0372685174563073
"independent",33,"ncv1_min",39,0.0577052775937964
"independent",33,"ncv1_1se",45,0.0341481698812089
"independent",34,"ncv1_min",40,0.0528738398200432
"independent",34,"ncv1_1se",48,0.0262689904519582
"independent",35,"ncv1_min",42,0.04439064791502
"independent",35,"ncv1_1se",48,0.0262689904519582
"independent",36,"ncv1_min",38,0.0629781962783572
"independent",36,"ncv1_1se",46,0.0312890768355088
"independent",37,"ncv1_min",40,0.0528738398200432
"independent",37,"ncv1_1se",46,0.0312890768355088
"independent",38,"ncv1_min",39,0.0577052775937964
"independent",38,"ncv1_1se",47,0.0286693644966638
"independent",39,"ncv1_min",38,0.0629781962783572
"independent",39,"ncv1_1se",43,0.0406739921413883
"independent",40,"ncv1_min",38,0.0629781962783572
"independent",40,"ncv1_1se",46,0.0312890768355088
"independent",41,"ncv1_min",40,0.0528738398200432
"independent",41,"ncv1_1se",49,0.0240695903617038
"independent",42,"ncv1_min",38,0.0629781962783572
"independent",42,"ncv1_1se",46,0.0312890768355088
"independent",43,"ncv1_min",39,0.0577052775937964
"independent",43,"ncv1_1se",46,0.0312890768355088
"independent",44,"ncv1_min",44,0.0372685174563073
"independent",44,"ncv1_1se",49,0.0240695903617038
"independent",45,"ncv1_min",40,0.0528738398200432
"independent",45,"ncv1_1se",45,0.0341481698812089
"independent",46,"ncv1_min",41,0.048446919482736
"independent",46,"ncv1_1se",45,0.0341481698812089
"independent",47,"ncv1_min",40,0.0528738398200432
"independent",47,"ncv1_1se",45,0.0341481698812089
"independent",48,"ncv1_min",39,0.0577052775937964
"independent",48,"ncv1_1se",47,0.0286693644966638
"independent",49,"ncv1_min",37,0.0687329369489366
"independent",49,"ncv1_1se",40,0.0528738398200432
"independent",50,"ncv1_min",41,0.048446919482736
"independent",50,"ncv1_1se",44,0.0372685174563073
"independent",51,"ncv1_min",43,0.0406739921413883
"independent",51,"ncv1_1se",51,0.020207813823276
"independent",52,"ncv1_min",40,0.0528738398200432
"independent",52,"ncv1_1se",44,0.0372685174563073
"independent",53,"ncv1_min",42,0.04439064791502
"independent",53,"ncv1_1se",47,0.0286693644966638
"independent",54,"ncv1_min",39,0.0577052775937964
"independent",54,"ncv1_1se",47,0.0286693644966638
"independent",55,"ncv1_min",37,0.0687329369489366
"independent",55,"ncv1_1se",42,0.04439064791502
"independent",56,"ncv1_min",41,0.048446919482736
"independent",56,"ncv1_1se",47,0.0286693644966638
"independent",57,"ncv1_min",39,0.0577052775937964
"independent",57,"ncv1_1se",44,0.0372685174563073
"independent",58,"ncv1_min",40,0.0528738398200432
"independent",58,"ncv1_1se",48,0.0262689904519582
"independent",59,"ncv1_min",40,0.0528738398200432
"independent",59,"ncv1_1se",48,0.0262689904519582
"independent",60,"ncv1_min",43,0.0406739921413883
"independent",60,"ncv1_1se",46,0.0312890768355088
"independent",61,"ncv1_min",38,0.0629781962783572
"independent",61,"ncv1_1se",43,0.0406739921413883
"independent",62,"ncv1_min",38,0.0629781962783572
"independent",62,"ncv1_1se",48,0.0262689904519582
"independent",63,"ncv1_min",41,0.048446919482736
"independent",63,"ncv1_1se",53,0.0169656289691538
"independent",64,"ncv1_min",42,0.04439064791502
"independent",64,"ncv1_1se",49,0.0240695903617038
"independent",65,"ncv1_min",40,0.0528738398200432
"independent",65,"ncv1_1se",50,0.0220543374607316
"independent",66,"ncv1_min",39,0.0577052775937964
"independent",66,"ncv1_1se",43,0.0406739921413883
"independent",67,"ncv1_min",41,0.048446919482736
"independent",67,"ncv1_1se",48,0.0262689904519582
"independent",68,"ncv1_min",40,0.0528738398200432
"independent",68,"ncv1_1se",43,0.0406739921413883
"independent",69,"ncv1_min",38,0.0629781962783572
"independent",69,"ncv1_1se",46,0.0312890768355088
"independent",70,"ncv1_min",40,0.0528738398200432
"independent",70,"ncv1_1se",47,0.0286693644966638
"independent",71,"ncv1_min",40,0.0528738398200432
"independent",71,"ncv1_1se",45,0.0341481698812089
"independent",72,"ncv1_min",40,0.0528738398200432
"independent",72,"ncv1_1se",48,0.0262689904519582
"independent",73,"ncv1_min",41,0.048446919482736
"independent",73,"ncv1_1se",45,0.0341481698812089
"independent",74,"ncv1_min",42,0.04439064791502
"independent",74,"ncv1_1se",49,0.0240695903617038
"independent",75,"ncv1_min",39,0.0577052775937964
"independent",75,"ncv1_1se",43,0.0406739921413883
"independent",76,"ncv1_min",38,0.0629781962783572
"independent",76,"ncv1_1se",43,0.0406739921413883
"independent",77,"ncv1_min",42,0.04439064791502
"independent",77,"ncv1_1se",49,0.0240695903617038
"independent",78,"ncv1_min",40,0.0528738398200432
"independent",78,"ncv1_1se",45,0.0341481698812089
"independent",79,"ncv1_min",39,0.0577052775937964
"independent",79,"ncv1_1se",44,0.0372685174563073
"independent",80,"ncv1_min",41,0.048446919482736
"independent",80,"ncv1_1se",44,0.0372685174563073
"correlated",1,"ncv1_min",37,0.0687329369489366
"correlated",1,"ncv1_1se",44,0.0372685174563073
"correlated",2,"ncv1_min",40,0.0528738398200432
"correlated",2,"ncv1_1se",47,0.0286693644966638
"correlated",3,"ncv1_min",34,0.089348846947856
"correlated",3,"ncv1_1se",40,0.0528738398200432
"correlated",4,"ncv1_min",40,0.0528738398200432
"correlated",4,"ncv1_1se",44,0.0372685174563073
"correlated",5,"ncv1_min",39,0.0577052775937964
"correlated",5,"ncv1_1se",48,0.0262689904519582
"correlated",6,"ncv1_min",36,0.0750135269156635
"correlated",6,"ncv1_1se",50,0.0220543374607316
"correlated",7,"ncv1_min",34,0.089348846947856
"correlated",7,"ncv1_1se",40,0.0528738398200432
"correlated",8,"ncv1_min",35,0.0818680165596217
"correlated",8,"ncv1_1se",41,0.048446919482736
"correlated",9,"ncv1_min",37,0.0687329369489366
"correlated",9,"ncv1_1se",42,0.04439064791502
"correlated",10,"ncv1_min",35,0.0818680165596217
"correlated",10,"ncv1_1se",52,0.0185158924063475
"correlated",11,"ncv1_min",38,0.0629781962783572
"correlated",11,"ncv1_1se",46,0.0312890768355088
"correlated",12,"ncv1_min",31,0.116148338850154
"correlated",12,"ncv1_1se",35,0.0818680165596217
"correlated",13,"ncv1_min",35,0.0818680165596217
"correlated",13,"ncv1_1se",47,0.0286693644966638
"correlated",14,"ncv1_min",38,0.0629781962783572
"correlated",14,"ncv1_1se",52,0.0185158924063475
"correlated",15,"ncv1_min",37,0.0687329369489366
"correlated",15,"ncv1_1se",44,0.0372685174563073
"correlated",16,"ncv1_min",36,0.0750135269156635
"correlated",16,"ncv1_1se",41,0.048446919482736
"correlated",17,"ncv1_min",38,0.0629781962783572
"correlated",17,"ncv1_1se",44,0.0372685174563073
"correlated",18,"ncv1_min",35,0.0818680165596217
"correlated",18,"ncv1_1se",42,0.04439064791502
"correlated",19,"ncv1_min",34,0.089348846947856
"correlated",19,"ncv1_1se",47,0.0286693644966638
"correlated",20,"ncv1_min",32,0.106423691554815
"correlated",20,"ncv1_1se",39,0.0577052775937964
"correlated",21,"ncv1_min",38,0.0629781962783572
"correlated",21,"ncv1_1se",44,0.0372685174563073
"correlated",22,"ncv1_min",36,0.0750135269156635
"correlated",22,"ncv1_1se",46,0.0312890768355088
"correlated",23,"ncv1_min",34,0.089348846947856
"correlated",23,"ncv1_1se",48,0.0262689904519582
"correlated",24,"ncv1_min",33,0.0975132510398305
"correlated",24,"ncv1_1se",38,0.0629781962783572
"correlated",25,"ncv1_min",34,0.089348846947856
"correlated",25,"ncv1_1se",38,0.0629781962783572
"correlated",26,"ncv1_min",36,0.0750135269156635
"correlated",26,"ncv1_1se",50,0.0220543374607316
"correlated",27,"ncv1_min",32,0.106423691554815
"correlated",27,"ncv1_1se",43,0.0406739921413883
"correlated",28,"ncv1_min",36,0.0750135269156635
"correlated",28,"ncv1_1se",49,0.0240695903617038
"correlated",29,"ncv1_min",36,0.0750135269156635
"correlated",29,"ncv1_1se",50,0.0220543374607316
"correlated",30,"ncv1_min",33,0.0975132510398305
"correlated",30,"ncv1_1se",40,0.0528738398200432
"correlated",31,"ncv1_min",38,0.0629781962783572
"correlated",31,"ncv1_1se",42,0.04439064791502
"correlated",32,"ncv1_min",34,0.089348846947856
"correlated",32,"ncv1_1se",49,0.0240695903617038
"correlated",33,"ncv1_min",35,0.0818680165596217
"correlated",33,"ncv1_1se",46,0.0312890768355088
"correlated",34,"ncv1_min",36,0.0750135269156635
"correlated",34,"ncv1_1se",46,0.0312890768355088
"correlated",35,"ncv1_min",36,0.0750135269156635
"correlated",35,"ncv1_1se",46,0.0312890768355088
"correlated",36,"ncv1_min",33,0.0975132510398305
"correlated",36,"ncv1_1se",40,0.0528738398200432
"correlated",37,"ncv1_min",37,0.0687329369489366
"correlated",37,"ncv1_1se",47,0.0286693644966638
"correlated",38,"ncv1_min",35,0.0818680165596217
"correlated",38,"ncv1_1se",47,0.0286693644966638
"correlated",39,"ncv1_min",35,0.0818680165596217
"correlated",39,"ncv1_1se",40,0.0528738398200432
"correlated",40,"ncv1_min",41,0.048446919482736
"correlated",40,"ncv1_1se",52,0.0185158924063475
"correlated",41,"ncv1_min",32,0.106423691554815
"correlated",41,"ncv1_1se",36,0.0750135269156635
"correlated",42,"ncv1_min",35,0.0818680165596217
"correlated",42,"ncv1_1se",42,0.04439064791502
"correlated",43,"ncv1_min",35,0.0818680165596217
"correlated",43,"ncv1_1se",45,0.0341481698812089
"correlated",44,"ncv1_min",36,0.0750135269156635
"correlated",44,"ncv1_1se",42,0.04439064791502
"correlated",45,"ncv1_min",34,0.089348846947856
"correlated",45,"ncv1_1se",41,0.048446919482736
"correlated",46,"ncv1_min",34,0.089348846947856
"correlated",46,"ncv1_1se",44,0.0372685174563073
"correlated",47,"ncv1_min",37,0.0687329369489366
"correlated",47,"ncv1_1se",46,0.0312890768355088
"correlated",48,"ncv1_min",33,0.0975132510398305
"correlated",48,"ncv1_1se",47,0.0286693644966638
"correlated",49,"ncv1_min",38,0.0629781962783572
"correlated",49,"ncv1_1se",47,0.0286693644966638
"correlated",50,"ncv1_min",38,0.0629781962783572
"correlated",50,"ncv1_1se",46,0.0312890768355088
"correlated",51,"ncv1_min",35,0.0818680165596217
"correlated",51,"ncv1_1se",45,0.0341481698812089
"correlated",52,"ncv1_min",34,0.089348846947856
"correlated",52,"ncv1_1se",51,0.020207813823276
"correlated",53,"ncv1_min",37,0.0687329369489366
"correlated",53,"ncv1_1se",44,0.0372685174563073
"correlated",54,"ncv1_min",33,0.0975132510398305
"correlated",54,"ncv1_1se",45,0.0341481698812089
"correlated",55,"ncv1_min",36,0.0750135269156635
"correlated",55,"ncv1_1se",45,0.0341481698812089
"correlated",56,"ncv1_min",39,0.0577052775937964
"correlated",56,"ncv1_1se",49,0.0240695903617038
"correlated",57,"ncv1_min",36,0.0750135269156635
"correlated",57,"ncv1_1se",41,0.048446919482736
"correlated",58,"ncv1_min",35,0.0818680165596217
"correlated",58,"ncv1_1se",52,0.0185158924063475
"correlated",59,"ncv1_min",40,0.0528738398200432
"correlated",59,"ncv1_1se",47,0.0286693644966638
"correlated",60,"ncv1_min",35,0.0818680165596217
"correlated",60,"ncv1_1se",45,0.0341481698812089
"correlated",61,"ncv1_min",37,0.0687329369489366
"correlated",61,"ncv1_1se",47,0.0286693644966638
"correlated",62,"ncv1_min",37,0.0687329369489366
"correlated",62,"ncv1_1se",48,0.0262689904519582
"correlated",63,"ncv1_min",37,0.0687329369489366
"correlated",63,"ncv1_1se",46,0.0312890768355088
"correlated",64,"ncv1_min",33,0.0975132510398305
"correlated",64,"ncv1_1se",47,0.0286693644966638
"correlated",65,"ncv1_min",43,0.0406739921413883
"correlated",65,"ncv1_1se",48,0.0262689904519582
"correlated",66,"ncv1_min",33,0.0975132510398305
"correlated",66,"ncv1_1se",43,0.0406739921413883
"correlated",67,"ncv1_min",33,0.0975132510398305
"correlated",67,"ncv1_1se",36,0.0750135269156635
"correlated",68,"ncv1_min",35,0.0818680165596217
"correlated",68,"ncv1_1se",46,0.0312890768355088
"correlated",69,"ncv1_min",34,0.089348846947856
"correlated",69,"ncv1_1se",40,0.0528738398200432
"correlated",70,"ncv1_min",34,0.089348846947856
"correlated",70,"ncv1_1se",48,0.0262689904519582
"correlated",71,"ncv1_min",33,0.0975132510398305
"correlated",71,"ncv1_1se",48,0.0262689904519582
"correlated",72,"ncv1_min",38,0.0629781962783572
"correlated",72,"ncv1_1se",44,0.0372685174563073
"correlated",73,"ncv1_min",38,0.0629781962783572
"correlated",73,"ncv1_1se",46,0.0312890768355088
"correlated",74,"ncv1_min",38,0.0629781962783572
"correlated",74,"ncv1_1se",46,0.0312890768355088
"correlated",75,"ncv1_min",35,0.0818680165596217
"correlated",75,"ncv1_1se",47,0.0286693644966638
"correlated",76,"ncv1_min",35,0.0818680165596217
"correlated",76,"ncv1_1se",41,0.048446919482736
"correlated",77,"ncv1_min",37,0.0687329369489366
"correlated",77,"ncv1_1se",47,0.0286693644966638
"correlated",78,"ncv1_min",39,0.0577052775937964
"correlated",78,"ncv1_1se",54,0.0155451630416861
"correlated",79,"ncv1_min",36,0.0750135269156635
"correlated",79,"ncv1_1se",47,0.0286693644966638
"correlated",80,"ncv1_min",34,0.089348846947856
"correlated",80,"ncv1_1se",47,0.0286693644966638
